,Chromosome,Start,End,Nclone
0,1,2927,43870,3
1,1,85022,216735,4
2,1,370546,372295,4
3,1,471671,786483,5
4,1,792533,907406,13
5,1,912799,1266212,96
6,1,1271190,1590570,45
7,1,1676445,1703748,4
8,1,1738295,2477597,104
9,1,2481927,2562342,14
10,1,2574555,2580342,2
11,1,2611444,2641811,12
12,1,2643540,2645074,2
13,1,2664285,2665530,2
14,1,2672694,2832087,14
15,1,2854198,2856899,2
16,1,2870100,2880675,6
17,1,2882919,2901629,9
18,1,2903052,3112977,27
19,1,3125822,3135062,2
20,1,3136815,3137481,2
21,1,3149648,3157982,2
22,1,3166706,3521038,47
23,1,3521345,3798798,42
24,1,3810936,6606212,213
25,1,6613363,8038878,160
26,1,8050444,10537398,265
27,1,10551320,12533269,211
28,1,12544104,12768740,27
29,1,12774453,12788158,2
30,1,12800742,12805297,2
31,1,12833868,13002452,6
32,1,13520352,15852641,211
33,1,15858551,16119613,39
34,1,16126501,16531740,50
35,1,16551324,16592466,5
36,1,16672053,16680432,2
37,1,16693433,16750002,3
38,1,16757397,16794038,5
39,1,16799163,16836986,3
40,1,16954838,16997273,7
41,1,17030134,17037487,2
42,1,17042808,19187091,207
43,1,19200088,21470929,235
44,1,21483025,21545437,5
45,1,21558697,22668805,107
46,1,22674759,23463832,82
47,1,23469376,25318800,184
48,1,25354765,25402278,5
49,1,25414726,25433465,4
50,1,25441018,26227863,102
51,1,26233527,26722236,59
52,1,26737835,26751009,3
53,1,26758077,27414811,92
54,1,27418631,27637052,27
55,1,27650970,27755668,12
56,1,27765928,29080585,137
57,1,29088543,30687222,80
58,1,30716764,30984527,19
59,1,31006782,31124964,12
60,1,31136968,31957740,91
61,1,31968013,33181040,142
62,1,33189868,34166798,102
63,1,34172947,35330813,82
64,1,35336344,35895515,59
65,1,35903416,37578554,144
66,1,37599215,38399540,90
67,1,38432360,38569674,5
68,1,38648737,39428343,70
69,1,39437661,40202959,89
70,1,40207650,40612758,45
71,1,40617288,40677227,10
72,1,40682830,41867848,116
73,1,41873732,42747586,86
74,1,42754729,43839204,123
75,1,43848683,44593810,85
76,1,44600018,45223413,73
77,1,45231107,46047207,90
78,1,46054586,46436383,40
79,1,46445058,47002412,69
80,1,47020328,47076960,4
81,1,47089264,48831518,138
82,1,48841029,48963712,15
83,1,48974558,49671800,66
84,1,49686548,50400238,58
85,1,50444082,51401581,79
86,1,51408483,52434446,103
87,1,52445317,53651141,136
88,1,53661750,55331098,190
89,1,55339131,55523339,13
90,1,55559966,56093730,31
91,1,56126922,56811818,33
92,1,56820392,57352466,61
93,1,57359130,58257959,101
94,1,58269395,58818282,54
95,1,58829706,59938549,86
96,1,59947024,60037860,9
97,1,60048731,60931948,49
98,1,60943372,61455192,37
99,1,61460755,62257156,71
100,1,62265513,62775298,54
101,1,62781892,63279284,31
102,1,63297252,63739396,40
103,1,63746181,64381618,65
104,1,64392452,65044702,55
105,1,65061124,65363623,27
106,1,65377733,65684038,35
107,1,65691013,66605594,87
108,1,66624841,66943717,33
109,1,66956044,67293111,38
110,1,67304899,67564224,26
111,1,67574404,69349603,118
112,1,69374719,70163952,48
113,1,70172264,70544007,39
114,1,70553640,70787481,16
115,1,70848676,70955685,7
116,1,70968966,72065805,106
117,1,72080289,72473289,41
118,1,72489681,72620747,5
119,1,72661597,74078153,44
120,1,74137824,74816963,66
121,1,74824437,75454027,38
122,1,75473473,76096464,60
123,1,76105071,76128015,4
124,1,76167515,76719796,56
125,1,76735134,77210667,41
126,1,77217365,77934334,77
127,1,77945975,79392599,117
128,1,79437815,80901791,47
129,1,80938887,81107155,6
130,1,81184008,83075209,95
131,1,83100179,83359798,18
132,1,83381408,83603746,10
133,1,83635029,84586214,84
134,1,84590209,84901413,38
135,1,84921910,86224479,136
136,1,86236843,87585025,115
137,1,87607672,87697095,3
138,1,87749501,87791319,2
139,1,87839437,89193171,81
140,1,89198467,91213470,153
141,1,91230845,91708215,35
142,1,91714670,93739491,194
143,1,93748351,97087853,241
144,1,97110991,102417008,384
145,1,102443157,103810269,69
146,1,103819551,103875725,6
147,1,104018651,104671817,24
148,1,104696813,106107236,42
149,1,106163050,107403052,43
150,1,107408809,108467581,105
151,1,108571690,109922013,155
152,1,109933787,109968401,4
153,1,109987805,110453999,56
154,1,110464125,110577138,10
155,1,110588200,112717534,216
156,1,112725478,113471063,78
157,1,113508337,114220736,71
158,1,114228794,114235706,4
159,1,114245958,114853862,52
160,1,114863525,115372000,54
161,1,115389481,116062013,43
162,1,116081666,116824183,53
163,1,116847623,116861515,3
164,1,116880909,116906096,3
165,1,116925150,116938461,3
166,1,116948867,117006671,8
167,1,117015146,117751415,63
168,1,117757490,118781178,71
169,1,118811438,119105315,9
170,1,119131184,119266053,15
171,1,119271891,119774102,45
172,1,119783556,119942294,16
173,1,119963572,120232261,33
174,1,120313797,120384620,2
175,1,120405944,120737345,3
176,1,120761983,120923696,11
177,1,141474904,141491470,3
178,1,141500919,141527782,5
179,1,142116690,142435868,6
180,1,142444242,142565191,14
181,1,142570866,142598507,4
182,1,142610589,142871406,4
183,1,142877399,143526765,60
184,1,143543580,144966156,111
185,1,144975464,145023947,3
186,1,145647143,145716245,2
187,1,145820605,146012014,9
188,1,146473741,146512434,3
189,1,146525071,146549143,3
190,1,146581869,146634734,4
191,1,146661770,149362629,356
192,1,149369522,149394958,5
193,1,149403519,149573806,31
194,1,149579637,149582884,2
195,1,149591108,149598429,2
196,1,149604744,150808620,174
197,1,150815602,151998352,164
198,1,151998685,152605084,79
199,1,152617283,155145482,300
200,1,155152973,156497370,150
201,1,156504203,156715120,31
202,1,156722904,157446463,94
203,1,157457777,157769567,42
204,1,157779753,158111315,62
205,1,158123386,158211115,15
206,1,158222895,158292447,7
207,1,158296040,158314837,6
208,1,158319014,158365270,9
209,1,158378189,158382079,2
210,1,158392593,158736756,45
211,1,158747329,164242059,441
212,1,164247118,165948301,160
213,1,165958802,165988174,3
214,1,166003996,166010822,2
215,1,166018172,168812476,254
216,1,168818982,172497794,338
217,1,172527923,176446701,347
218,1,176455950,179420685,272
219,1,179443743,179575821,12
220,1,179581225,181371569,169
221,1,181387023,182641159,106
222,1,182657845,186034550,184
223,1,186062909,186274119,10
224,1,186293872,189329179,155
225,1,189337051,193443252,206
226,1,193480150,193527058,6
227,1,193556792,193630262,10
228,1,193652057,199041703,471
229,1,199047681,199054142,2
230,1,199087690,199111062,4
231,1,199135441,199222301,8
232,1,199273751,199356111,10
233,1,199363774,201157571,209
234,1,201169853,202358631,134
235,1,202366885,203532522,135
236,1,203539204,205954108,165
237,1,205966175,208143743,229
238,1,208148352,209359643,112
239,1,209366118,211118685,137
240,1,211126341,211395327,20
241,1,211438238,212152890,39
242,1,212163869,213601626,150
243,1,213607905,215165364,99
244,1,215199726,217395427,156
245,1,217416088,219300768,59
246,1,219311634,221538990,132
247,1,221557056,224126341,262
248,1,224140920,225920251,169
249,1,225926558,231061656,435
250,1,231067740,234760702,314
251,1,234776770,236274333,71
252,1,236280081,237042779,78
253,1,237050563,238730140,160
254,1,238747201,239156984,32
255,1,239190321,239313778,5
256,1,239337733,239364269,2
257,1,239391358,239517083,4
258,1,239544570,239630032,2
259,1,239663268,244617610,524
260,1,244627520,244676774,8
261,1,244693374,244865778,25
262,1,244870377,244942436,11
263,1,244947984,244955806,2
264,1,244961779,244970723,2
265,1,245009770,245014643,2
266,1,245054641,245071941,3
267,1,245082256,245121447,7
268,1,245134410,245140268,2
269,1,245150122,245299678,10
270,1,245308564,245433846,22
271,2,712,125634,50
272,2,143031,165346,3
273,2,167106,176745,2
274,2,196212,479448,36
275,2,485052,3016048,237
276,2,3072994,4495693,111
277,2,4600483,5064198,49
278,2,5117160,8963807,205
279,2,8972669,10440704,145
280,2,10446234,11268822,84
281,2,11273719,11824126,56
282,2,11839789,15741307,219
283,2,15752122,20346474,256
284,2,20354952,22147571,108
285,2,22164275,23148262,38
286,2,23178086,23798605,45
287,2,23809995,25541135,190
288,2,25551899,29745341,500
289,2,29758580,34597887,412
290,2,34614581,34702220,5
291,2,34730412,34868034,6
292,2,34904779,39267014,335
293,2,39284752,41599090,149
294,2,41616449,43362384,148
295,2,43367043,44064629,82
296,2,44073585,44107287,5
297,2,44112923,46581831,233
298,2,46600135,47534465,97
299,2,47541529,48962866,132
300,2,49007696,50317220,81
301,2,50329312,56794730,510
302,2,56853626,57106587,9
303,2,57141220,60843704,199
304,2,60860846,61005290,14
305,2,61025070,61061211,5
306,2,61069435,67262586,542
307,2,67280403,69113514,151
308,2,69119613,73764874,471
309,2,73769146,74670974,128
310,2,74676485,81995821,504
311,2,82033369,87033744,352
312,2,87287735,87839798,10
313,2,88099999,89162648,97
314,2,89203734,89712785,13
315,2,89727641,89953713,11
316,2,91057159,91234354,10
317,2,91240477,91321476,2
318,2,91494116,91569435,2
319,2,91683845,94918111,7
320,2,94940234,94964565,6
321,2,94970664,98466443,288
322,2,98472519,101487776,313
323,2,101508783,106387775,321
324,2,106409285,110341019,241
325,2,110563411,111085061,2
326,2,111108426,113884106,257
327,2,113910766,114036896,5
328,2,114146068,115199661,72
329,2,115206978,115251658,5
330,2,115260305,116378260,119
331,2,116395687,120822517,278
332,2,120829609,123225447,150
333,2,123281054,126438234,174
334,2,126478953,126745976,8
335,2,126799274,126901119,5
336,2,126922829,130410215,228
337,2,130427665,130453073,5
338,2,130458581,131785093,82
339,2,131792734,131931782,5
340,2,131945577,132042781,9
341,2,132067307,132196569,13
342,2,132210961,132323628,7
343,2,132327604,132349355,3
344,2,132419295,132947789,21
345,2,132974227,139709714,538
346,2,139773806,147365650,533
347,2,147413433,147652606,8
348,2,147700457,158902610,717
349,2,158911197,159695436,72
350,2,159712195,164848314,421
351,2,164879282,165653813,63
352,2,165662108,171006374,490
353,2,171017426,173478545,232
354,2,173485322,174896336,119
355,2,174901679,180212390,481
356,2,180223718,187349250,468
357,2,187359105,190451844,224
358,2,190458269,190481066,5
359,2,190485380,196058781,305
360,2,196090504,198648767,257
361,2,198658046,216382286,1522
362,2,216395222,217154796,85
363,2,217169713,224771175,648
364,2,224833869,229675328,409
365,2,229700351,231853847,223
366,2,231862922,233057465,133
367,2,233066421,235036486,210
368,2,235061664,235732587,40
369,2,235740357,236665001,73
370,2,236672959,242242118,561
371,2,242430070,242784096,24
372,3,39066,342654,27
373,3,348251,478718,13
374,3,515536,517145,2
375,3,521064,574415,60
376,3,586636,625689,5
377,3,641257,4099960,316
378,3,4109224,4214897,8
379,3,4226329,9771752,439
380,3,9779380,9918123,31
381,3,9923074,11677508,187
382,3,11686988,12710784,108
383,3,12735694,14873985,189
384,3,14887411,16613213,183
385,3,16617887,16778176,9
386,3,16792439,18668016,159
387,3,18712267,19922255,72
388,3,19936335,24520200,307
389,3,24543616,25463517,63
390,3,25470432,29923292,300
391,3,29936736,31279861,78
392,3,31298148,34796905,280
393,3,34840321,39070614,379
394,3,39083092,41241584,183
395,3,41249898,46752789,532
396,3,46761824,46823673,5
397,3,46829442,48626775,220
398,3,48631976,48677740,8
399,3,48686316,50274167,224
400,3,50277922,50326943,14
401,3,50330225,54374166,487
402,3,54381805,55759111,127
403,3,55767891,60816395,504
404,3,60825422,64093778,311
405,3,64100021,65243724,77
406,3,65284372,69024511,274
407,3,69036237,69714887,73
408,3,69736891,71096721,71
409,3,71105921,71561684,50
410,3,71570203,73535935,139
411,3,73545783,75469606,115
412,3,75479859,75535753,2
413,3,75546791,75799957,5
414,3,75845446,75858339,2
415,3,75870144,75896020,3
416,3,75914406,75957900,3
417,3,75971233,76019295,2
418,3,76042344,77513375,93
419,3,77524016,79388058,134
420,3,79401618,80929281,83
421,3,80959005,82751614,99
422,3,82801964,84189335,45
423,3,84212782,84761534,17
424,3,84773539,86079447,134
425,3,86093476,86238114,19
426,3,86304015,87271517,43
427,3,87287192,87311658,2
428,3,87336579,87661897,21
429,3,87696516,88166248,24
430,3,88179775,88662813,36
431,3,88671596,89473678,63
432,3,89488409,89516057,5
433,3,89531802,89654152,15
434,3,89663968,90219681,38
435,3,90236603,90284660,4
436,3,90296455,90391698,10
437,3,95043863,95338953,36
438,3,95346425,97340020,70
439,3,97384282,97943959,22
440,3,97955574,100144881,237
441,3,100159418,103058802,254
442,3,103067334,103845179,57
443,3,103869497,105247720,47
444,3,105296320,106577524,44
445,3,106589477,111089189,342
446,3,111105693,113356479,147
447,3,113370366,113847282,51
448,3,113854434,114473399,51
449,3,114484581,115444884,109
450,3,115450295,119473378,290
451,3,119496988,123302196,346
452,3,123307820,126884366,394
453,3,127015333,127130406,5
454,3,127138046,128434521,125
455,3,128485208,128664764,9
456,3,128683027,130206126,164
457,3,130220686,130840184,85
458,3,130849527,131199964,38
459,3,131215316,131299415,3
460,3,131310594,136853762,499
461,3,136891846,137841243,79
462,3,137852057,143671669,475
463,3,143686906,144718154,103
464,3,144727213,153247166,598
465,3,153300999,156963893,216
466,3,156981865,160212878,294
467,3,160231691,163957219,288
468,3,163966040,163987465,3
469,3,163997236,164023510,2
470,3,164038925,164101784,6
471,3,164112881,164333847,15
472,3,164343718,164427869,8
473,3,164454066,166625316,90
474,3,166639991,168786545,129
475,3,168804852,170462923,109
476,3,170472437,173237997,277
477,3,173247425,173637617,47
478,3,173645852,176989598,309
479,3,177004388,181135381,268
480,3,181148817,181183735,5
481,3,181189842,185001990,247
482,3,185013005,186735226,204
483,3,186745732,193414542,575
484,3,193425674,193467200,5
485,3,193476462,196656506,303
486,3,196908262,196937230,6
487,3,196947293,196962380,4
488,3,196972157,199325300,261
489,3,199333505,199383479,2
490,4,5224,61876,23
491,4,62447,79281,6
492,4,81744,90787,2
493,4,96888,175366,9
494,4,185368,826605,88
495,4,833085,843614,2
496,4,846154,890807,12
497,4,897264,916652,3
498,4,917610,3551253,287
499,4,3556852,3568531,3
500,4,3573080,3641241,9
501,4,3673803,4147283,26
502,4,4308119,4314081,2
503,4,4327213,4358339,5
504,4,4360195,8850748,490
505,4,9047040,9477600,17
506,4,9490990,15375010,363
507,4,15384438,24218777,600
508,4,24224491,26261405,163
509,4,26278444,30019771,149
510,4,30083533,30560722,33
511,4,30573671,31049842,37
512,4,31107518,36697482,208
513,4,36738699,36983238,8
514,4,37025175,37407426,31
515,4,37413005,41489363,397
516,4,41496099,42685919,96
517,4,42710489,45504577,147
518,4,45535603,45884120,14
519,4,45894555,47334481,134
520,4,47347301,48644676,147
521,4,48659573,48887700,23
522,4,48893757,48924159,3
523,4,49056466,49422736,2
524,4,52530029,52542008,2
525,4,52552859,52866092,37
526,4,52891744,53940563,93
527,4,53947082,54222055,29
528,4,54233704,54818502,58
529,4,54830408,56191506,88
530,4,56204828,56528111,21
531,4,56538786,56886195,28
532,4,56900758,57769341,100
533,4,57777789,59357407,57
534,4,59395290,60641180,43
535,4,60678904,61229724,18
536,4,61252645,62435526,80
537,4,62446231,63222419,53
538,4,63275984,64652340,38
539,4,64680305,65414644,36
540,4,65481054,65744197,14
541,4,65794186,66816761,72
542,4,66835016,67211677,12
543,4,67234063,67381734,4
544,4,67404716,67833957,13
545,4,67867679,69042487,107
546,4,69215734,69311985,10
547,4,69789443,70305861,49
548,4,70334625,70410860,8
549,4,70442343,70445716,2
550,4,70473911,70726327,24
551,4,70749905,71906729,124
552,4,71911043,72985198,100
553,4,72994111,74368203,93
554,4,74379535,74719357,35
555,4,74730754,75668590,106
556,4,75673613,76622083,53
557,4,76653831,77049387,42
558,4,77061006,77300382,34
559,4,77303574,77856862,61
560,4,77863667,78685195,90
561,4,78691810,79606045,82
562,4,79616351,80607032,93
563,4,80615625,81139934,28
564,4,81162799,82540203,134
565,4,82569422,84308939,125
566,4,84316855,87125034,224
567,4,87135123,88309706,126
568,4,88320867,88381178,7
569,4,88392625,89297860,90
570,4,89306720,89782811,50
571,4,89790637,91468725,138
572,4,91479631,92419006,111
573,4,92426426,93211181,61
574,4,93240865,100160841,545
575,4,100169541,102644734,204
576,4,102672728,104401802,147
577,4,104413477,106965473,164
578,4,106972190,110834066,297
579,4,110841462,119681984,552
580,4,119714411,119812578,8
581,4,119819380,119910398,6
582,4,119958548,120638168,79
583,4,120650347,124374816,281
584,4,124390047,126128011,99
585,4,126172292,132931013,328
586,4,132983429,133222805,10
587,4,133264013,133574024,16
588,4,133582875,133743518,12
589,4,133758444,135910286,94
590,4,135920331,141938438,327
591,4,141948988,142632507,71
592,4,142656232,143241597,29
593,4,143274574,145390888,165
594,4,145396784,148091215,206
595,4,148098972,152558944,372
596,4,152569997,157221896,371
597,4,157228097,162174965,294
598,4,162205286,162321148,5
599,4,162347852,163724527,105
600,4,163764301,166540017,215
601,4,166559793,171072076,345
602,4,171088261,178331211,505
603,4,178373531,178507603,5
604,4,178531509,182779062,165
605,4,182828885,186804557,348
606,4,186810460,186843576,5
607,4,186862697,186942944,10
608,4,186950719,188875290,189
609,4,188886189,190844427,150
610,4,190887518,191025356,9
611,4,191037678,191046020,2
612,4,191062719,191134340,7
613,4,191144773,191165971,2
614,4,191191940,191311992,11
615,5,75149,90692,2
616,5,103093,277082,20
617,5,285775,706486,48
618,5,714149,719885,2
619,5,725942,745859,3
620,5,763494,786455,3
621,5,802518,826044,4
622,5,837253,859176,3
623,5,873416,878290,2
624,5,916822,999736,11
625,5,1007442,2438174,145
626,5,2448553,4633545,163
627,5,4645911,6343008,87
628,5,6356267,9839414,264
629,5,9867745,12822565,227
630,5,12835355,15170666,156
631,5,15204662,17067228,156
632,5,17100908,17382633,25
633,5,17406393,17549618,9
634,5,17570523,17719479,9
635,5,17739874,17979702,15
636,5,18001755,18894305,26
637,5,18945305,20776045,115
638,5,20792335,21966989,69
639,5,21979223,22038375,6
640,5,22056803,26293381,245
641,5,26323047,30449516,149
642,5,30493484,32133136,121
643,5,32146491,32203336,9
644,5,32209048,34105512,187
645,5,34119335,34407822,6
646,5,34446079,35291657,82
647,5,35313005,36062965,59
648,5,36075592,36816672,56
649,5,36845462,39113391,205
650,5,39121212,41235739,133
651,5,41241052,41596520,35
652,5,41620761,43330593,152
653,5,43332656,44495322,85
654,5,44516010,44864831,19
655,5,44870238,45938397,72
656,5,49619946,49866980,14
657,5,49892983,49980085,5
658,5,49988952,50268244,23
659,5,50324634,51282261,35
660,5,51321507,51678728,13
661,5,51720583,51852968,6
662,5,51881238,54336548,201
663,5,54350373,55141379,94
664,5,55148225,57204282,139
665,5,57220729,57800810,25
666,5,57805582,58473974,67
667,5,58484078,60277014,174
668,5,60285997,62401952,135
669,5,62457701,65999278,299
670,5,66011537,68773114,198
671,5,68785515,68850823,9
672,5,69274433,70345552,5
673,5,70422297,70698794,4
674,5,70716278,70721505,2
675,5,70752359,71062539,40
676,5,71077546,89933522,1459
677,5,89942176,93303306,213
678,5,93308740,93320336,2
679,5,93328253,96508341,310
680,5,96522323,96603723,9
681,5,96637773,98418818,77
682,5,98471909,100277629,79
683,5,100290917,104805236,243
684,5,104851801,108410768,202
685,5,108424581,119080004,756
686,5,119108165,125801997,366
687,5,125809649,131839536,505
688,5,131845023,140196482,920
689,5,140203440,140221835,5
690,5,140228321,140427074,29
691,5,140433878,142819410,270
692,5,142831583,149027600,525
693,5,149050787,150137980,144
694,5,150148732,150201145,5
695,5,150224239,152555267,187
696,5,152572508,153979903,115
697,5,154006451,157875296,310
698,5,157900279,159729154,155
699,5,159735059,161722215,163
700,5,161749783,162958203,55
701,5,162999771,166652000,130
702,5,166676986,169967887,316
703,5,169983718,171644531,159
704,5,171653443,173359849,145
705,5,173368856,173702519,22
706,5,173739318,175537148,103
707,5,175563657,175907334,40
708,5,175923647,177416642,167
709,5,177429941,178551058,140
710,5,178560621,179290850,85
711,5,179309126,179400068,16
712,5,179411268,180184269,88
713,5,180342860,180362342,4
714,5,180379352,180644810,41
715,6,5839,85465,12
716,6,92884,125392,9
717,6,126550,142586,3
718,6,146738,154410,3
719,6,204528,238441,4
720,6,252939,284743,4
721,6,295212,314420,3
722,6,315257,320890,2
723,6,334423,600935,34
724,6,611289,618999,3
725,6,623776,634345,6
726,6,655129,1291357,69
727,6,1292057,1353261,10
728,6,1358498,1359129,2
729,6,1361599,1435871,5
730,6,1436117,1512043,22
731,6,1535319,2846224,137
732,6,2851182,4639919,182
733,6,4651403,4923955,32
734,6,4933188,6340443,138
735,6,6356121,7863271,125
736,6,7879466,9392103,69
737,6,9450338,11338185,188
738,6,11346965,12462252,89
739,6,12512986,14535258,172
740,6,14553443,16323782,102
741,6,16343597,18497312,196
742,6,18502918,18536678,5
743,6,18550170,19001738,26
744,6,19049822,20716660,98
745,6,20726739,22048197,107
746,6,22060377,24236375,102
747,6,24244934,26055528,200
748,6,26071233,26265245,39
749,6,26270597,27455236,127
750,6,27464061,28756233,160
751,6,28803010,29931073,138
752,6,29939288,29950805,2
753,6,29962849,30010234,6
754,6,30021894,30031367,3
755,6,30040917,30081128,8
756,6,30100446,31385778,183
757,6,31395330,31558079,18
758,6,31564655,32119501,113
759,6,32123032,32519935,60
760,6,32586131,32600962,3
761,6,32605300,32629848,2
762,6,32634044,32660090,3
763,6,32672983,32702995,4
764,6,32718991,32728487,3
765,6,32732764,32738443,2
766,6,32766023,32821094,7
767,6,32831879,35335888,300
768,6,35344147,37360148,252
769,6,37375174,39260751,191
770,6,39271467,39767959,58
771,6,39777677,40701218,70
772,6,40747924,42826227,225
773,6,42836838,44732805,236
774,6,44758471,45096253,28
775,6,45107837,47047807,190
776,6,47058985,49231488,137
777,6,49256992,50627364,103
778,6,50659323,50928750,22
779,6,50933781,52204787,101
780,6,52211708,53295979,111
781,6,53306500,55847962,196
782,6,55859081,57298746,133
783,6,57313842,57468298,17
784,6,57477427,57636798,17
785,6,57648021,58019711,13
786,6,58122432,58656267,16
787,6,58721961,58788688,3
788,6,62077839,62654445,30
789,6,62663640,63048821,42
790,6,63057692,64614816,75
791,6,64633346,64705894,4
792,6,64750730,65951879,46
793,6,65983562,66231264,23
794,6,66247043,66553014,25
795,6,66559986,66839246,16
796,6,66872400,66895777,2
797,6,66949287,67633130,21
798,6,67665685,68602261,26
799,6,68631929,69110566,20
800,6,69133049,69809498,54
801,6,69820589,70731852,80
802,6,70738275,72163725,136
803,6,72170740,73920835,160
804,6,73930795,74768342,83
805,6,74827202,75616671,51
806,6,75632175,75961320,21
807,6,75968174,77079694,103
808,6,77126953,77532707,15
809,6,77558013,78882312,61
810,6,78930885,78983276,2
811,6,79035891,79079988,3
812,6,79101978,79133892,2
813,6,79161515,80141390,60
814,6,80170446,80661257,33
815,6,80681800,81065819,39
816,6,81088018,85574506,296
817,6,85623360,89090699,226
818,6,89106148,90015649,77
819,6,90034143,91964331,149
820,6,92035339,94502615,100
821,6,94517742,97817899,167
822,6,97827305,98245127,29
823,6,98260964,101072587,165
824,6,101081707,101714451,47
825,6,101760344,102800128,90
826,6,102825672,106012872,146
827,6,106034811,106363651,12
828,6,106401543,108269233,154
829,6,108294479,109435745,105
830,6,109441576,110404222,102
831,6,110408187,110448454,6
832,6,110490286,110621141,12
833,6,110630205,111025278,36
834,6,111038086,111980766,105
835,6,111990899,112201862,24
836,6,112208462,113294566,76
837,6,113313043,113625048,12
838,6,113685697,115481584,86
839,6,115539064,119256600,285
840,6,119263604,122326220,164
841,6,122354776,122673457,8
842,6,122710361,123097090,43
843,6,123114345,125128655,184
844,6,125139481,126167412,78
845,6,126178515,126234252,7
846,6,126241146,127397419,84
847,6,127419048,128608361,120
848,6,128614174,131296266,224
849,6,131304839,132036965,59
850,6,132048194,133414796,125
851,6,133447975,135173194,145
852,6,135204537,135259324,3
853,6,135272442,135280233,2
854,6,135286400,135498058,20
855,6,135520431,136095714,50
856,6,136159988,136555576,40
857,6,136561135,136680507,15
858,6,136687816,137521284,86
859,6,137534872,137928470,23
860,6,137982450,139107896,94
861,6,139119957,139765820,62
862,6,139797732,140252392,25
863,6,140293024,140905063,22
864,6,140939171,142310445,62
865,6,142327743,142777918,42
866,6,142788191,144116578,121
867,6,144123196,146421012,189
868,6,146437674,146587408,17
869,6,146601815,147881278,117
870,6,147893082,148854440,50
871,6,148877116,148912262,5
872,6,148925597,149834816,73
873,6,149845177,151256488,138
874,6,151271304,151882964,68
875,6,151887510,151910707,5
876,6,151923886,152073221,15
877,6,152086678,152409827,33
878,6,152417607,153905878,133
879,6,153949019,154030184,3
880,6,154071207,155530077,109
881,6,155536554,155990159,41
882,6,156012158,157939123,85
883,6,158040459,159976570,182
884,6,159987610,160117932,13
885,6,160123384,160978168,92
886,6,160990404,161026307,5
887,6,161042057,162115988,102
888,6,162127431,162150671,3
889,6,162157607,165672936,249
890,6,165690639,165715368,5
891,6,165723211,168144188,233
892,6,168162397,168399709,28
893,6,168425370,169949536,131
894,6,169960900,170838662,75
895,6,170856656,170943103,2
896,7,140213,293548,25
897,7,294016,413795,8
898,7,461136,511452,3
899,7,513901,1288296,123
900,7,1298612,5058944,424
901,7,5087337,5134464,5
902,7,5143987,5560058,56
903,7,5568142,5872292,27
904,7,5880057,6557968,86
905,7,6613548,8499980,171
906,7,8511989,9779500,73
907,7,9788539,11165483,94
908,7,11177449,16121211,353
909,7,16130262,16173135,7
910,7,16181027,19066529,235
911,7,19108591,21230532,121
912,7,21242540,23314039,200
913,7,23318666,25286039,152
914,7,25362742,25970530,39
915,7,25980628,29117278,336
916,7,29129313,31396001,217
917,7,31405675,32503234,122
918,7,32527033,33234186,80
919,7,33245804,34851233,159
920,7,34866533,36163174,85
921,7,36175211,38060725,175
922,7,38065862,38069416,2
923,7,38077657,38154547,13
924,7,38163197,38204539,6
925,7,38212614,38223575,2
926,7,38239756,38919072,71
927,7,38929655,39109161,24
928,7,39118870,39204387,10
929,7,39217737,40218063,91
930,7,40225102,41541560,86
931,7,41557485,42802384,80
932,7,42816449,42991793,15
933,7,43002620,45737633,300
934,7,45749583,50666812,373
935,7,50712505,53062228,103
936,7,53092720,54048050,43
937,7,54100285,55448490,97
938,7,55487428,56267830,66
939,7,56286058,57178083,54
940,7,57189719,57228014,5
941,7,57241696,57368798,16
942,7,57387971,57475215,4
943,7,57518513,61275990,7
944,7,61474815,61904815,2
945,7,61960303,63832523,118
946,7,63838146,64418872,49
947,7,64507748,64781804,16
948,7,64797061,65770140,108
949,7,65783655,66332092,42
950,7,66381837,66509869,5
951,7,66535305,69489375,186
952,7,69494643,69665338,20
953,7,69678101,71447664,165
954,7,71472355,71810554,25
955,7,71828766,73847634,185
956,7,73925321,75885407,126
957,7,75966125,76282075,14
958,7,76397166,82767743,544
959,7,82777861,82828298,5
960,7,82840568,92513815,744
961,7,92520803,99584483,699
962,7,99590278,106532636,720
963,7,106546263,110699102,318
964,7,110709136,111309563,59
965,7,111316232,112618049,113
966,7,112637687,118300098,386
967,7,118321912,120385289,141
968,7,120392104,127681019,610
969,7,127690967,127692104,2
970,7,127699224,127876072,12
971,7,127894166,129740582,227
972,7,129743562,133316602,333
973,7,133324563,138115143,427
974,7,138141688,140181133,233
975,7,140201234,141189966,122
976,7,141214728,141245219,4
977,7,141259727,141457217,22
978,7,141470171,141494693,3
979,7,141511878,141518228,2
980,7,141527039,141549648,3
981,7,141555761,141922630,43
982,7,141932317,141947816,3
983,7,141965869,141978333,4
984,7,141989305,143302267,165
985,7,143321677,143391065,4
986,7,143526118,144834685,78
987,7,144874983,146711656,186
988,7,146722477,148987441,242
989,7,148993417,149247969,14
990,7,149312155,151330638,251
991,7,151340103,151554620,20
992,7,151563552,151568910,2
993,7,151573687,153083628,75
994,7,153097195,153297456,10
995,7,153306561,155956869,255
996,7,155969175,158427634,279
997,7,158528292,158617983,8
998,8,63810,90816,2
999,8,166452,181530,3
1000,8,184617,808139,63
1001,8,822927,1136619,36
1002,8,1152551,2563316,132
1003,8,2586264,3627077,113
1004,8,3635646,4294791,74
1005,8,4299996,4692082,48
1006,8,4708444,5657660,43
1007,8,5677578,5923347,12
1008,8,5952862,6907624,98
1009,8,7040596,7261418,3
1010,8,7359040,7789937,5
1011,8,8117271,8132139,2
1012,8,8148437,11897919,356
1013,8,11903901,12448374,5
1014,8,12511855,12602139,4
1015,8,12623479,14185328,128
1016,8,14193778,14291793,13
1017,8,14298266,16315130,119
1018,8,16373516,16668380,15
1019,8,16701627,17310921,58
1020,8,17316883,18940172,157
1021,8,18983405,19153325,9
1022,8,19181564,21447923,139
1023,8,21490551,22657603,149
1024,8,22663858,23132039,58
1025,8,23137151,25096564,149
1026,8,25114132,25774629,65
1027,8,25782621,26587838,77
1028,8,26613950,27431467,73
1029,8,27439677,28182114,81
1030,8,28208003,28538941,33
1031,8,28568337,28877291,32
1032,8,28883487,29205723,37
1033,8,29233976,29264810,6
1034,8,29281419,29430834,5
1035,8,29497110,29571339,6
1036,8,29592601,30101874,30
1037,8,30109992,30278937,14
1038,8,30302476,30776804,55
1039,8,30786432,30939857,12
1040,8,30952516,31295499,36
1041,8,31336091,31896351,42
1042,8,31906730,32154763,28
1043,8,32161837,32407642,32
1044,8,32418860,32553445,16
1045,8,32567438,32617200,8
1046,8,32625061,32786232,18
1047,8,32812909,32947324,7
1048,8,32962484,33337952,16
1049,8,33344787,34072415,62
1050,8,34104577,34785140,34
1051,8,34801779,34987140,8
1052,8,35005401,35166837,9
1053,8,35204286,35426691,14
1054,8,35453083,35676140,26
1055,8,35694285,35751327,7
1056,8,35761900,35857879,7
1057,8,35875555,36133992,12
1058,8,36153626,36327657,7
1059,8,36347029,36416687,4
1060,8,36426253,36481039,5
1061,8,36512939,36612488,5
1062,8,36627162,36673994,3
1063,8,36719696,36769058,3
1064,8,36779836,36973293,17
1065,8,37028146,37290782,8
1066,8,37317937,37617735,13
1067,8,37636761,37737912,15
1068,8,37746286,37882239,20
1069,8,37896364,38162018,35
1070,8,38168564,38303346,20
1071,8,38313929,38522146,24
1072,8,38534092,38573218,2
1073,8,38599339,38743232,11
1074,8,38750609,38784733,4
1075,8,38796308,39003321,29
1076,8,39013480,39080885,9
1077,8,39094753,39268591,19
1078,8,39281207,39333915,8
1079,8,39356595,39363050,2
1080,8,39368509,39505256,18
1081,8,39535655,39813797,33
1082,8,39824552,39841148,2
1083,8,39870841,39957091,12
1084,8,39962335,40121328,12
1085,8,40125478,40131470,2
1086,8,40137595,40540201,18
1087,8,40546119,41025130,40
1088,8,41074444,41272917,11
1089,8,41279137,41562453,25
1090,8,41575958,42118548,55
1091,8,42123757,42175380,9
1092,8,42191493,42325689,15
1093,8,42333867,42484474,24
1094,8,42492780,42651517,13
1095,8,42663013,42899872,27
1096,8,42917603,43133142,28
1097,8,43143792,43155815,2
1098,8,43167926,43254441,8
1099,8,43264404,43419507,11
1100,8,43452736,43515874,3
1101,8,47575650,47718854,6
1102,8,47740011,48934830,91
1103,8,48952907,49214104,27
1104,8,49291873,50106229,46
1105,8,50133866,50469104,16
1106,8,50522918,51919678,111
1107,8,51970684,53247541,70
1108,8,53262924,54668893,103
1109,8,54691654,55840039,92
1110,8,55862289,56770315,68
1111,8,56798074,58669985,129
1112,8,58694882,59488208,47
1113,8,59494642,60065639,60
1114,8,60072685,60895610,41
1115,8,60942453,61985710,79
1116,8,62009253,64404832,208
1117,8,64430407,65154750,36
1118,8,65175271,67640344,170
1119,8,67648789,68228875,72
1120,8,68236561,69486500,120
1121,8,69491717,69596562,12
1122,8,69601839,71105403,122
1123,8,71114730,72584340,123
1124,8,72600927,73538243,58
1125,8,73566583,74092303,55
1126,8,74108126,74822651,69
1127,8,74834389,76915325,147
1128,8,76956931,78656441,83
1129,8,78683881,80171898,70
1130,8,80201442,82469298,162
1131,8,82493004,83964171,98
1132,8,83989363,86575296,175
1133,8,86580354,86725974,7
1134,8,86741736,88440494,145
1135,8,88445621,88492810,5
1136,8,88534367,91007791,133
1137,8,91015577,92330975,109
1138,8,92340223,94807075,152
1139,8,94809183,96249780,147
1140,8,96256921,97415885,75
1141,8,97415915,97633935,17
1142,8,97639200,98703368,103
1143,8,98721543,100441109,195
1144,8,100449572,100905868,53
1145,8,100916665,101800174,94
1146,8,101808084,102428770,39
1147,8,102442641,103122693,77
1148,8,103130143,104962929,175
1149,8,104974429,105842700,87
1150,8,105857203,107203129,91
1151,8,107262122,107851240,52
1152,8,107865666,108926406,56
1153,8,108963119,110219485,93
1154,8,110237460,111332167,82
1155,8,111366937,112386078,30
1156,8,112428669,113232393,23
1157,8,113259394,114138964,98
1158,8,114153939,114208361,7
1159,8,114214217,115827427,84
1160,8,115852788,116921245,63
1161,8,116969946,117894149,61
1162,8,117915188,119933236,159
1163,8,119955970,120250296,24
1164,8,120266140,121155354,83
1165,8,121164402,122030584,89
1166,8,122056726,122518495,17
1167,8,122563718,123364225,38
1168,8,123393035,123990378,32
1169,8,123998961,124006623,2
1170,8,124015208,124217100,28
1171,8,124226195,125428423,130
1172,8,125436684,125595512,20
1173,8,125614708,126552359,96
1174,8,126589494,127668868,63
1175,8,127689556,127938480,11
1176,8,127952070,128717669,37
1177,8,128767860,128892972,17
1178,8,128905144,129748492,48
1179,8,129784096,131534968,140
1180,8,131578988,133842009,169
1181,8,133850058,135582453,123
1182,8,135587578,136878332,93
1183,8,136914379,137301071,18
1184,8,137337404,139849337,140
1185,8,139857344,140647674,43
1186,8,140666163,142443623,206
1187,8,142452855,143775535,134
1188,8,143780031,144945861,158
1189,8,144953439,145949490,138
1190,8,145962567,146264846,40
1191,9,153131,194193,2
1192,9,210253,528529,39
1193,9,533322,559898,8
1194,9,561049,564737,4
1195,9,577359,779786,23
1196,9,795606,1081643,35
1197,9,1091407,1133457,3
1198,9,1140019,1140037,2
1199,9,1189217,1299415,10
1200,9,1308165,1310587,5
1201,9,1330131,5289937,382
1202,9,5298149,5330015,5
1203,9,5338569,6623341,132
1204,9,6631759,6684944,5
1205,9,6704941,7263688,56
1206,9,7319454,7723767,17
1207,9,7751878,10013842,181
1208,9,10026427,12104238,95
1209,9,12137751,13585855,86
1210,9,13628428,14053079,13
1211,9,14064086,15257912,112
1212,9,15263240,15413878,12
1213,9,15423811,15597236,22
1214,9,15605655,17354927,144
1215,9,17369886,19203822,144
1216,9,19218097,20705351,130
1217,9,20707840,21648291,124
1218,9,21698371,22292223,45
1219,9,22316165,24603645,115
1220,9,24667137,24827828,6
1221,9,24873989,25144678,8
1222,9,25195505,25969531,31
1223,9,26005964,27229184,86
1224,9,27239620,29186207,172
1225,9,29209997,30086705,27
1226,9,30134402,30542335,18
1227,9,30556050,32349951,76
1228,9,32358928,33474125,122
1229,9,33485659,33598877,7
1230,9,33611015,33938574,38
1231,9,33947741,34651900,95
1232,9,34654682,35861568,164
1233,9,35872626,36409434,67
1234,9,36418729,37260341,73
1235,9,37266871,37926418,81
1236,9,37932049,38449475,45
1237,9,38461231,38526930,8
1238,9,38561787,38731378,9
1239,9,38805416,39141696,5
1240,9,39157302,39244329,3
1241,9,39355550,40238048,3
1242,9,40361684,40520747,4
1243,9,42913008,43066618,5
1244,9,43094089,43410478,3
1245,9,43474997,43808233,2
1246,9,43948886,45739077,8
1247,9,64150817,67731038,12
1248,9,67935857,68151359,4
1249,9,68214035,68262872,2
1250,9,68272869,68962739,80
1251,9,68968205,69600620,73
1252,9,69611393,72870675,314
1253,9,72888295,74779332,106
1254,9,74787860,84766822,663
1255,9,84778612,93377703,688
1256,9,93384891,96903882,319
1257,9,96913301,97624504,70
1258,9,97648060,99770540,209
1259,9,99783218,100123514,36
1260,9,100128607,106760490,470
1261,9,106765931,108896962,126
1262,9,108902584,110081531,133
1263,9,110086022,110100386,3
1264,9,110104594,110108926,2
1265,9,110114139,110140372,3
1266,9,110146245,111841975,165
1267,9,111858941,112900683,116
1268,9,112934221,116260183,324
1269,9,116267033,121337857,381
1270,9,121348401,124114869,305
1271,9,124123036,126222935,233
1272,9,126228345,127455560,133
1273,9,127464418,128556718,179
1274,9,128565432,128681509,20
1275,9,128686793,128927098,36
1276,9,128931631,129861947,100
1277,9,129874601,131489732,173
1278,9,131502208,132291494,85
1279,9,132301378,132954430,86
1280,9,132969083,132993751,5
1281,9,133002701,133023225,5
1282,9,133035531,133066438,5
1283,9,133074692,135395614,234
1284,9,135420807,136797906,171
1285,9,136812271,138270560,224
1286,9,138275716,138301699,4
1287,9,138308975,138397892,3
1288,10,115544,371707,29
1289,10,377954,2223419,190
1290,10,2235932,2639937,34
1291,10,2654619,3125483,39
1292,10,3135278,3168952,6
1293,10,3183516,4945256,144
1294,10,4952746,6573717,182
1295,10,6579026,7644640,94
1296,10,7653937,9348858,103
1297,10,9361040,9629930,14
1298,10,9658369,9708434,3
1299,10,9727172,14033998,357
1300,10,14046295,16112625,206
1301,10,16134020,16227462,4
1302,10,16276793,18410505,169
1303,10,18433402,19850716,93
1304,10,19867386,21854463,165
1305,10,21859872,21874211,3
1306,10,21880427,21920526,5
1307,10,21928812,21946060,2
1308,10,21952689,23781530,155
1309,10,23795026,27363056,310
1310,10,27375620,30712263,281
1311,10,30725615,30748387,2
1312,10,30759425,31037306,25
1313,10,31047787,31264972,17
1314,10,31273168,33447752,189
1315,10,33471382,35007483,115
1316,10,35015198,37129260,144
1317,10,37153306,37598792,27
1318,10,37642247,37726105,4
1319,10,37774262,38563575,52
1320,10,38596435,38781788,9
1321,10,41927641,42057554,4
1322,10,42150759,42175348,2
1323,10,42209250,42289771,11
1324,10,42296956,43049635,54
1325,10,43064095,43509699,49
1326,10,43530543,44610674,48
1327,10,44629442,45468415,85
1328,10,45478103,45534651,5
1329,10,45554717,46371243,2
1330,10,46396163,46568496,23
1331,10,47010385,47161232,12
1332,10,47735472,47954413,2
1333,10,47970511,48018420,11
1334,10,48026472,48932353,19
1335,10,49060081,50721556,176
1336,10,50764988,51264997,19
1337,10,51306200,51581040,6
1338,10,51672831,54212972,250
1339,10,54223740,55344624,50
1340,10,55351133,55782605,48
1341,10,55795426,58408695,154
1342,10,58432737,60103148,84
1343,10,60125080,63239913,244
1344,10,63282635,64126023,83
1345,10,64146695,66004965,110
1346,10,66018580,66423604,17
1347,10,66455837,67974175,100
1348,10,67988973,68108381,14
1349,10,68119528,71002959,324
1350,10,71007045,72336589,156
1351,10,72351591,73557841,111
1352,10,73562944,74435007,102
1353,10,74443947,75714437,157
1354,10,75723268,76725804,108
1355,10,76752186,78419088,144
1356,10,78427308,79275280,93
1357,10,79281452,80128812,70
1358,10,80171515,81855271,91
1359,10,81863113,82109833,31
1360,10,82117433,83642137,75
1361,10,83652547,83913217,31
1362,10,83919871,84654324,84
1363,10,84660716,86792698,118
1364,10,86833369,87732633,62
1365,10,87744912,88215734,55
1366,10,88223706,88285075,9
1367,10,88305288,88563503,27
1368,10,88568946,88858473,36
1369,10,88896882,89199763,11
1370,10,89253592,89696646,47
1371,10,89707445,89727363,3
1372,10,89773041,90752756,90
1373,10,90757542,94284487,319
1374,10,94291120,95206619,90
1375,10,95214665,96111677,106
1376,10,96121352,99263776,347
1377,10,99269123,100184436,103
1378,10,100190489,101372472,123
1379,10,101383038,102927052,185
1380,10,102947788,104628575,228
1381,10,104637614,109744576,424
1382,10,109761901,116039462,407
1383,10,116046370,117201777,113
1384,10,117210751,120581888,316
1385,10,120640095,121305847,73
1386,10,121316515,123035589,162
1387,10,123051158,123681745,63
1388,10,123692335,124297847,64
1389,10,124304514,125547604,118
1390,10,125556658,126695384,109
1391,10,126700842,127563278,74
1392,10,127578239,127603523,5
1393,10,127612803,128762972,100
1394,10,128768254,130349842,123
1395,10,130385362,130850960,38
1396,10,130867848,131835039,92
1397,10,131846251,134401563,231
1398,10,134408050,135054576,82
1399,10,135057540,135105007,12
1400,10,135120942,135123668,2
1401,10,135142920,135266354,19
1402,10,135291410,135316513,4
1403,10,135324914,135395562,3
1404,11,182372,223502,11
1405,11,234177,263286,5
1406,11,270778,293829,6
1407,11,297092,3320321,373
1408,11,3327942,5733442,294
1409,11,5742476,5762182,4
1410,11,5777496,5838945,11
1411,11,5849760,5891661,8
1412,11,5906060,7757329,234
1413,11,7762277,7797993,5
1414,11,7803570,10028138,252
1415,11,10046146,11172422,105
1416,11,11183773,12966647,160
1417,11,12983832,14255839,98
1418,11,14272534,15231551,99
1419,11,15253180,15787974,19
1420,11,15925810,16521314,55
1421,11,16532712,18443734,202
1422,11,18447860,19551133,92
1423,11,19570565,20098137,52
1424,11,20113144,21887299,150
1425,11,21926331,24388057,110
1426,11,24432855,25844571,93
1427,11,25875088,29151737,223
1428,11,29167359,31313660,149
1429,11,31323535,31998955,63
1430,11,32019726,32772242,64
1431,11,32782710,32814911,5
1432,11,32828281,33509097,58
1433,11,33522261,34288349,69
1434,11,34294135,34457136,12
1435,11,34467657,35519709,87
1436,11,35541828,35816070,26
1437,11,35835578,36414926,53
1438,11,36423103,37398955,53
1439,11,37466023,37830303,11
1440,11,37873219,38519214,19
1441,11,38560995,38781628,8
1442,11,38824655,40515667,77
1443,11,40525781,41641283,81
1444,11,41674896,41967473,11
1445,11,41982016,43404918,60
1446,11,43414253,44588217,102
1447,11,44598006,46364566,159
1448,11,46368437,47509993,143
1449,11,47517219,48452638,103
1450,11,48475465,48621072,6
1451,11,48953023,49891798,50
1452,11,49905029,50188427,26
1453,11,50198508,50337734,9
1454,11,51244499,51381908,11
1455,11,54789837,54807283,2
1456,11,54836429,55118214,30
1457,11,55124730,55194990,11
1458,11,55200744,55207305,2
1459,11,55225136,55598948,55
1460,11,55607240,56294614,105
1461,11,56304321,56600048,21
1462,11,56638774,57008990,50
1463,11,57020510,57237001,34
1464,11,57242600,57277614,8
1465,11,57286051,57442914,15
1466,11,57452577,57968617,67
1467,11,57986437,58424388,42
1468,11,58439169,58548776,13
1469,11,58566389,58626432,6
1470,11,58634869,58924165,28
1471,11,58938579,59160725,32
1472,11,59166822,59175539,2
1473,11,59180249,59841891,73
1474,11,59855395,59984619,21
1475,11,59990167,60725222,93
1476,11,60770870,61052710,44
1477,11,61058999,61084614,3
1478,11,61100691,61334109,29
1479,11,61339118,61799979,54
1480,11,61808121,61920836,11
1481,11,61927382,62259438,59
1482,11,62264206,62741497,63
1483,11,62753087,62867246,11
1484,11,62878222,63605370,93
1485,11,63611130,63816734,41
1486,11,63819511,64238843,49
1487,11,64244252,64294476,11
1488,11,64300466,64653446,70
1489,11,64658962,64948808,39
1490,11,64957546,65658835,115
1491,11,65669021,65808620,17
1492,11,65812482,65996469,33
1493,11,66003527,66153613,29
1494,11,66160840,66454365,40
1495,11,66460753,66511737,7
1496,11,66520903,66704162,24
1497,11,66720993,66789254,7
1498,11,66798759,66847778,10
1499,11,66868347,67229707,65
1500,11,67267798,67414758,5
1501,11,67520412,67594726,15
1502,11,67605478,67631958,4
1503,11,67644597,67786891,13
1504,11,67790584,68061824,32
1505,11,68072142,68138080,8
1506,11,68142018,68367037,26
1507,11,68378245,68528459,19
1508,11,68533317,68599238,7
1509,11,68612498,68684682,7
1510,11,68740184,68819585,5
1511,11,68821295,68894909,7
1512,11,68913061,68943548,2
1513,11,68972488,69191919,16
1514,11,69195212,69339332,23
1515,11,69350103,69357380,2
1516,11,69370206,69697125,20
1517,11,69703427,69736816,7
1518,11,69744088,69954921,24
1519,11,69968689,69976020,2
1520,11,69985851,70035066,7
1521,11,70057157,70076174,2
1522,11,70081658,70105050,3
1523,11,70110393,70189261,10
1524,11,70200628,70313623,9
1525,11,70324966,70478958,18
1526,11,70490787,70505018,4
1527,11,70519863,70552702,6
1528,11,70562838,70610269,4
1529,11,70626984,70748178,6
1530,11,70761494,70971958,31
1531,11,71081930,71292433,6
1532,11,71305189,71377650,10
1533,11,71381835,71406223,7
1534,11,71413035,71844216,54
1535,11,71861247,72016501,17
1536,11,72020024,72414605,50
1537,11,72423248,72504176,8
1538,11,72510987,73119430,68
1539,11,73133700,73543893,53
1540,11,73550091,73719108,20
1541,11,73731262,73769533,5
1542,11,73782850,73789372,2
1543,11,73803134,74080304,28
1544,11,74087184,74239789,16
1545,11,74251633,74766176,62
1546,11,74773664,74787471,3
1547,11,74793604,75303124,64
1548,11,75315081,76186622,84
1549,11,76195288,76242978,4
1550,11,76252638,76364917,12
1551,11,76374332,76586638,28
1552,11,76603764,76734446,15
1553,11,76744346,76847285,11
1554,11,76858917,77204725,35
1555,11,77212743,77275058,9
1556,11,77295422,77867327,70
1557,11,77881751,77985428,11
1558,11,78005966,78127149,11
1559,11,78137964,78627898,48
1560,11,78706656,79810606,31
1561,11,79858760,79974644,3
1562,11,80023540,80218800,7
1563,11,80263397,80790766,17
1564,11,80814746,81363283,20
1565,11,81383435,82269855,62
1566,11,82288127,82586347,31
1567,11,82599955,82867442,25
1568,11,82872781,83724262,85
1569,11,83733321,85064586,126
1570,11,85072899,86462145,129
1571,11,86480032,87537774,59
1572,11,87543609,88241579,62
1573,11,88252273,89296560,82
1574,11,89400624,89482692,5
1575,11,89496302,95731868,491
1576,11,95737778,98627006,129
1577,11,98637002,101368726,228
1578,11,101380957,101972052,61
1579,11,101977732,103163021,108
1580,11,103179669,103605605,37
1581,11,103640528,105452607,140
1582,11,105458461,107398356,144
1583,11,107409719,109050102,128
1584,11,109089452,114667900,476
1585,11,114680825,118110180,305
1586,11,118115430,118362161,32
1587,11,118366070,119578429,132
1588,11,119588838,124295965,440
1589,11,124303180,130667119,520
1590,11,130687277,132596928,182
1591,11,132606436,134432265,163
1592,12,33854,83748,5
1593,12,85118,207283,19
1594,12,215726,229742,6
1595,12,232017,397918,25
1596,12,412868,427816,14
1597,12,435020,444988,2
1598,12,456875,5263685,496
1599,12,5291289,5981041,73
1600,12,5997138,7884886,245
1601,12,7894681,7915622,3
1602,12,7930382,8009244,9
1603,12,8036400,9432943,139
1604,12,9528590,9585156,3
1605,12,9633884,10453531,112
1606,12,10464018,10484956,4
1607,12,10497371,11375835,86
1608,12,11404653,11430887,4
1609,12,11466807,11787795,19
1610,12,11793290,12143159,32
1611,12,12157656,12837059,85
1612,12,12841194,13391483,61
1613,12,13400916,14672807,112
1614,12,14687682,16233431,161
1615,12,16240722,18159238,91
1616,12,18180985,19318702,93
1617,12,19331630,23785007,355
1618,12,23801758,24366747,63
1619,12,24380594,28301386,337
1620,12,28309807,28575307,28
1621,12,28593352,29337422,37
1622,12,29347838,30203709,65
1623,12,30244358,31026604,41
1624,12,31033856,31162891,11
1625,12,31173065,31257959,5
1626,12,31265652,31284231,2
1627,12,31314993,31483451,17
1628,12,31496395,33246666,149
1629,12,33270966,34647417,66
1630,12,36160215,36244407,2
1631,12,36739877,36991812,10
1632,12,36995792,37989676,59
1633,12,37995224,38184617,18
1634,12,38208886,39136437,88
1635,12,39143365,39187593,6
1636,12,39197961,41841971,173
1637,12,41865312,42212198,26
1638,12,42221157,42337973,5
1639,12,42372231,42738343,38
1640,12,42744201,43936926,107
1641,12,43945081,44919712,81
1642,12,44923991,45851001,66
1643,12,45861893,47611599,184
1644,12,47616812,49288718,233
1645,12,49299695,51238169,253
1646,12,51241859,52425218,189
1647,12,52473664,54879669,326
1648,12,54887816,57494566,305
1649,12,57531034,59041688,73
1650,12,59087176,60039028,38
1651,12,60060494,62081511,166
1652,12,62137202,62802242,53
1653,12,62807597,63330914,48
1654,12,63340667,63566937,25
1655,12,63574243,64694907,104
1656,12,64727853,66012212,99
1657,12,66035532,66948440,56
1658,12,66954549,67332062,40
1659,12,67337260,68268028,89
1660,12,68281534,69298703,97
1661,12,69315717,70369674,100
1662,12,70379430,70453985,9
1663,12,70462057,70560603,10
1664,12,70574871,71644041,87
1665,12,71710336,71905426,8
1666,12,71924238,72624978,32
1667,12,72645832,73204852,27
1668,12,73217711,73482351,9
1669,12,73523915,74655845,77
1670,12,74674175,74721164,8
1671,12,74728500,75387573,32
1672,12,75396411,75693696,24
1673,12,75706042,77012738,81
1674,12,77023447,82859962,422
1675,12,82881635,83804633,31
1676,12,83810013,84520659,46
1677,12,84542006,85443011,85
1678,12,85450052,85962613,38
1679,12,85986743,87258350,61
1680,12,87329145,88538415,71
1681,12,88551907,88910171,16
1682,12,88953160,90674492,79
1683,12,90696859,92322330,111
1684,12,92329775,94134731,154
1685,12,94141519,97140822,217
1686,12,97156507,97840955,65
1687,12,97852156,98629015,83
1688,12,98643996,98870746,26
1689,12,98887240,100375665,146
1690,12,100382347,103227744,260
1691,12,103235991,103497565,24
1692,12,103505239,106694172,288
1693,12,106729888,108471654,165
1694,12,108480224,109587365,122
1695,12,109602873,110653727,115
1696,12,110662242,112909433,222
1697,12,112932396,115188305,114
1698,12,115213387,117427044,211
1699,12,117482117,118187418,44
1700,12,118207306,121211562,343
1701,12,121214709,125790293,411
1702,12,125830721,127205204,58
1703,12,127229464,129598126,225
1704,12,129603441,130143269,61
1705,12,130156193,130810857,41
1706,12,130823010,132389367,188
1707,13,5179,123882,5
1708,13,18194527,18354969,7
1709,13,18402053,18790922,53
1710,13,18800416,19254966,43
1711,13,19260103,19531662,30
1712,13,19539095,20627782,124
1713,13,20633975,20649522,5
1714,13,20654707,21206326,62
1715,13,21261016,23202349,118
1716,13,23214658,23713317,59
1717,13,23720843,25632309,214
1718,13,25640645,26099131,51
1719,13,26114530,26711465,52
1720,13,26717910,27327959,69
1721,13,27343854,27397290,9
1722,13,27404234,29085569,179
1723,13,29128099,30609461,140
1724,13,30623020,31761730,107
1725,13,31768319,33387727,173
1726,13,33392362,33669143,18
1727,13,33699769,34223960,22
1728,13,34246000,36189294,218
1729,13,36198054,40789054,422
1730,13,40795287,41378403,71
1731,13,41384251,42045671,68
1732,13,42053349,45262389,339
1733,13,45269295,47682284,199
1734,13,47691104,47937120,32
1735,13,47948924,51937853,440
1736,13,51943586,52065165,5
1737,13,52072865,52628327,64
1738,13,52653413,54815215,83
1739,13,54857465,56596626,67
1740,13,56602818,56610886,2
1741,13,56645552,56673183,5
1742,13,56770498,59473015,138
1743,13,59478364,59545463,10
1744,13,59551837,62339014,141
1745,13,62380464,63593790,52
1746,13,63637310,66729432,199
1747,13,66749878,67487718,27
1748,13,67522431,69041225,66
1749,13,69055547,69699416,65
1750,13,69741181,71934199,116
1751,13,71966568,72723325,69
1752,13,72745928,73112108,17
1753,13,73137009,77218661,358
1754,13,77224204,78743491,109
1755,13,78769550,84422970,246
1756,13,84451123,87878353,150
1757,13,87900787,89348492,63
1758,13,89370077,90822317,71
1759,13,90833810,92615068,197
1760,13,92654560,93502798,113
1761,13,93513108,95399913,211
1762,13,95405316,97851786,260
1763,13,97862194,98405672,60
1764,13,98419519,106107051,640
1765,13,106116697,109738959,267
1766,13,109743699,110348566,82
1767,13,110356442,112440743,168
1768,13,112445277,113373747,129
1769,13,113474906,113657214,22
1770,13,113758453,114123862,50
1771,14,18149473,18537177,4
1772,14,18624383,19090564,4
1773,14,19154992,19216369,2
1774,14,19268776,19330937,10
1775,14,19350230,19397709,5
1776,14,19402284,19490630,15
1777,14,19505698,19515781,2
1778,14,19535787,19582682,8
1779,14,19587326,19656133,9
1780,14,19665289,19995996,58
1781,14,19997548,20406205,75
1782,14,20418299,20477376,10
1783,14,20490129,20705560,48
1784,14,20722830,21262184,76
1785,14,21270813,21347112,11
1786,14,21354507,21412148,11
1787,14,21420105,21448635,4
1788,14,21464924,21511829,7
1789,14,21518235,22000194,60
1790,14,22022060,22034704,2
1791,14,22046097,22052799,2
1792,14,22066142,22237533,20
1793,14,22259312,22545671,54
1794,14,22554737,22735063,29
1795,14,22765734,23911039,174
1796,14,23921546,23927104,2
1797,14,23931880,24238252,37
1798,14,24282704,24913400,50
1799,14,24937976,25845033,30
1800,14,25879379,25966458,5
1801,14,25973380,28628763,139
1802,14,28684841,28703627,2
1803,14,28746840,29596749,68
1804,14,29606446,30197701,43
1805,14,30209271,30636982,48
1806,14,30644343,31109495,47
1807,14,31126706,31187358,8
1808,14,31196070,31906596,61
1809,14,31916282,32600189,77
1810,14,32610323,34077415,140
1811,14,34090931,34754302,83
1812,14,34765550,35332809,60
1813,14,35347136,36478421,105
1814,14,36483547,37475298,121
1815,14,37489099,37598648,10
1816,14,37627931,38890108,98
1817,14,38908039,40550969,79
1818,14,40566575,40779816,10
1819,14,40812969,41461134,48
1820,14,41479353,42064713,23
1821,14,42076777,43555063,49
1822,14,43571616,44101105,30
1823,14,44127847,46166974,123
1824,14,46180088,47520893,137
1825,14,47562066,48555636,31
1826,14,48586397,48763420,7
1827,14,48795558,49374177,62
1828,14,49379507,49689536,41
1829,14,49695963,50378758,84
1830,14,50389482,50946632,45
1831,14,50969091,50997672,2
1832,14,51010758,52051333,114
1833,14,52064745,52660995,75
1834,14,52672118,53311109,53
1835,14,53327457,53857768,30
1836,14,53877628,54699527,110
1837,14,54705831,57591863,257
1838,14,57601882,59282484,164
1839,14,59289512,60676241,161
1840,14,60720314,63407607,240
1841,14,63418291,66677824,340
1842,14,66683727,67322584,90
1843,14,67338747,67711611,46
1844,14,67717489,67868637,20
1845,14,67886288,68140129,32
1846,14,68154581,71881814,401
1847,14,71888528,73047267,145
1848,14,73071404,73092018,4
1849,14,73106558,73114128,2
1850,14,73123697,74424755,174
1851,14,74430822,76554876,220
1852,14,76560703,80554345,460
1853,14,80562041,83928319,158
1854,14,83957837,89113311,316
1855,14,89122618,95080625,691
1856,14,95084499,96542228,135
1857,14,96585545,96889176,11
1858,14,96926587,98114562,49
1859,14,98140447,99640922,134
1860,14,99643257,101201692,177
1861,14,101227712,102699073,192
1862,14,102714748,102744966,5
1863,14,102754037,103609874,117
1864,14,103616696,103656706,12
1865,14,103664534,104533357,133
1866,14,104537408,105080340,79
1867,14,105082760,105322191,22
1868,14,105343150,105584008,31
1869,14,105602756,105630089,4
1870,14,105654998,105693581,4
1871,14,105708209,105839439,16
1872,14,105857193,105881279,4
1873,14,105907191,105946993,4
1874,14,105962305,106002179,6
1875,14,106017453,106212061,21
1876,14,106216726,106349756,18
1877,15,53166,592121,5
1878,15,739595,744565,15
1879,15,18362555,18431773,4
1880,15,18441135,18454050,2
1881,15,18657388,18683110,2
1882,15,18722595,18790589,4
1883,15,18835660,18884436,5
1884,15,19109124,19465359,31
1885,15,19805960,19845942,4
1886,15,19860116,19886840,7
1887,15,19910867,20060061,13
1888,15,20307869,20387327,5
1889,15,20393586,20773131,38
1890,15,20800736,20851679,3
1891,15,21195208,21982746,58
1892,15,22038880,22138119,4
1893,15,22163893,22272781,4
1894,15,22289273,22364310,4
1895,15,22374850,23389141,98
1896,15,23440964,23933266,48
1897,15,23967192,26208602,206
1898,15,26214008,26884885,7
1899,15,27009381,32443495,508
1900,15,32447707,32511475,6
1901,15,32523241,32594902,10
1902,15,32605086,32654561,3
1903,15,32667508,32751435,5
1904,15,32796260,39569934,687
1905,15,39578565,39587716,4
1906,15,39590440,39979013,54
1907,15,39989024,40217541,31
1908,15,40224293,41638388,188
1909,15,41676219,44156737,294
1910,15,44193179,48393597,382
1911,15,48406757,51888263,353
1912,15,51919876,55250930,311
1913,15,55258039,57620619,268
1914,15,57627602,58554678,76
1915,15,58564448,58660388,12
1916,15,58666398,59295594,86
1917,15,59303257,62160322,287
1918,15,62165778,63146938,136
1919,15,63158011,63872459,100
1920,15,63879006,66338634,293
1921,15,66351166,66470077,18
1922,15,66484574,67862006,149
1923,15,67879794,68837480,60
1924,15,68850093,69962913,138
1925,15,69967476,70022763,9
1926,15,70037508,71955983,211
1927,15,71960845,75101524,415
1928,15,75110193,76381135,136
1929,15,76385459,76834073,62
1930,15,76841291,76879936,5
1931,15,76887995,78887127,206
1932,15,78895415,79797536,95
1933,15,79833249,81352336,87
1934,15,81362293,82546736,140
1935,15,82553368,82745143,8
1936,15,82891457,86414330,266
1937,15,86418859,87600027,134
1938,15,87605979,88178540,93
1939,15,88185003,88623472,63
1940,15,88627158,91016086,262
1941,15,91021118,91761159,70
1942,15,91769534,94906377,181
1943,15,94921128,99935077,513
1944,15,99958679,100080882,17
1945,15,100089883,100176856,13
1946,15,100182702,100200937,4
1947,15,100217283,100282819,2
1948,16,28087,37133,3
1949,16,41636,151666,21
1950,16,155724,182983,5
1951,16,191307,2499608,352
1952,16,2505009,4665784,292
1953,16,4670009,9018298,364
1954,16,9048939,13407657,374
1955,16,13422219,14817706,93
1956,16,14956177,14988855,5
1957,16,15039224,16166785,108
1958,16,16174751,18701570,98
1959,16,18701947,19396257,78
1960,16,19405790,21225204,184
1961,16,21236038,21258019,3
1962,16,21382561,21444431,2
1963,16,21448093,21501073,5
1964,16,21507188,23246918,132
1965,16,23257230,25462573,235
1966,16,25489842,27627494,153
1967,16,27639967,28503138,79
1968,16,28508726,28529942,5
1969,16,28536745,29050535,43
1970,16,29063624,29528190,15
1971,16,29560500,29582349,4
1972,16,29586070,30555422,134
1973,16,30561643,31835555,183
1974,16,31854837,31862577,2
1975,16,31958973,32105104,4
1976,16,32378126,32748349,10
1977,16,33280759,33424939,9
1978,16,33433058,33486907,5
1979,16,33495501,33539023,6
1980,16,33758082,33875313,2
1981,16,34095229,34115736,3
1982,16,34124297,34339543,14
1983,16,34369010,34482623,6
1984,16,34505520,34605030,4
1985,16,34634686,34976429,12
1986,16,45058242,45218686,18
1987,16,45230563,45312514,16
1988,16,45322798,45965768,63
1989,16,45981776,46219115,24
1990,16,46232996,46704264,30
1991,16,46713098,47356334,59
1992,16,47380507,47610756,6
1993,16,47641974,47668511,2
1994,16,47717059,48773160,91
1995,16,48783687,49225359,48
1996,16,49237703,50174920,56
1997,16,50206404,50697276,18
1998,16,50733339,51847185,67
1999,16,51853490,52456026,66
2000,16,52471337,52719744,27
2001,16,52725865,53360409,27
2002,16,53381895,53724420,17
2003,16,53780548,54336421,53
2004,16,54354643,54379834,5
2005,16,54390012,54422612,5
2006,16,54444069,54555738,7
2007,16,54596059,54845565,19
2008,16,54859898,55031124,19
2009,16,55038003,56457183,189
2010,16,56463550,56765910,38
2011,16,56778209,58439142,117
2012,16,58452085,59295365,40
2013,16,59325545,61138989,90
2014,16,61163269,63210535,72
2015,16,63246412,66317225,283
2016,16,66324844,67303969,127
2017,16,67314736,68371045,124
2018,16,68378218,68531989,22
2019,16,68606309,68648091,5
2020,16,68667006,68679377,2
2021,16,68710277,68751390,5
2022,16,68838368,68874167,6
2023,16,68880321,69381055,61
2024,16,69391442,69397102,2
2025,16,69417987,69744010,36
2026,16,69763173,70593293,100
2027,16,70601469,71161060,43
2028,16,71180297,71797476,57
2029,16,71838028,72906433,74
2030,16,72933295,73012768,5
2031,16,73022578,73030029,2
2032,16,73043507,76974056,344
2033,16,76981676,82121025,434
2034,16,82128902,83298645,143
2035,16,83310258,86444508,289
2036,16,86462708,86560114,9
2037,16,86571161,86861829,25
2038,16,86874711,86968529,6
2039,16,86985669,88124384,145
2040,16,88130840,88690571,90
2041,17,10999,29169,2
2042,17,48539,59739,2
2043,17,66107,390571,43
2044,17,403833,443042,20
2045,17,444378,446414,2
2046,17,451258,453784,2
2047,17,457721,461603,2
2048,17,465054,974692,73
2049,17,984101,1003742,7
2050,17,1008443,1295205,34
2051,17,1302415,1427745,18
2052,17,1432975,1439166,3
2053,17,1440363,1452762,4
2054,17,1456417,1524691,12
2055,17,1531031,1536140,2
2056,17,1542118,1560766,11
2057,17,1562322,1703117,23
2058,17,1703729,1713758,5
2059,17,1718892,1845756,16
2060,17,1859252,1859812,2
2061,17,1860983,1862743,3
2062,17,1863125,1881747,24
2063,17,1890246,1906352,5
2064,17,1912424,2133315,24
2065,17,2145322,2286311,23
2066,17,2286862,2330659,16
2067,17,2333732,2343255,4
2068,17,2361350,2900841,61
2069,17,2914621,3387328,60
2070,17,3393853,4388997,123
2071,17,4393276,4966472,93
2072,17,4974667,5014217,5
2073,17,5031837,5332851,41
2074,17,5343504,7517491,247
2075,17,7522884,8559106,145
2076,17,8567837,9872633,143
2077,17,9885625,9934563,7
2078,17,9943837,11456680,128
2079,17,11469879,12854787,119
2080,17,12861144,13000886,6
2081,17,13035306,15423538,134
2082,17,15462570,16521872,101
2083,17,16578627,16713678,5
2084,17,16733547,17098966,42
2085,17,17104943,17885418,81
2086,17,17898157,18224296,43
2087,17,18230762,18470630,6
2088,17,18474499,18868037,32
2089,17,19083766,19526967,49
2090,17,19542146,19715593,22
2091,17,19724453,19825648,10
2092,17,19833631,20159997,31
2093,17,20234571,20521986,8
2094,17,20569693,20596699,4
2095,17,20618474,20721661,8
2096,17,20727682,20882716,16
2097,17,20891730,20949831,6
2098,17,20959898,21204422,30
2099,17,21211558,21386260,15
2100,17,21393584,21442476,4
2101,17,21627596,22078642,25
2102,17,22129889,22142513,2
2103,17,22315936,22324326,2
2104,17,22399576,22459548,3
2105,17,22485675,22508198,2
2106,17,22560433,22614479,4
2107,17,22622230,22764692,15
2108,17,22775124,22788340,3
2109,17,22798530,22952517,17
2110,17,22978886,23005210,5
2111,17,23030260,23591463,42
2112,17,23604362,23631712,3
2113,17,23641542,23815398,34
2114,17,23820330,24085005,47
2115,17,24093273,24104500,3
2116,17,24108428,24223451,15
2117,17,24231923,24249384,4
2118,17,24253086,24258741,2
2119,17,24265896,24395518,17
2120,17,24404020,24439755,7
2121,17,24446821,24694533,28
2122,17,24708419,24915412,25
2123,17,24920439,24966191,12
2124,17,24974517,25131411,17
2125,17,25145468,25170458,4
2126,17,25179301,25520058,42
2127,17,25537018,25610913,9
2128,17,25637986,25806515,26
2129,17,25816140,25841839,4
2130,17,25854264,25898780,6
2131,17,25904202,25950168,5
2132,17,25965192,26220704,19
2133,17,26229215,26272399,7
2134,17,26277897,26409508,17
2135,17,26424460,26602264,18
2136,17,26617118,26763588,21
2137,17,26776780,26934810,26
2138,17,26937665,27268863,29
2139,17,27277260,27351012,7
2140,17,27364248,27450834,5
2141,17,27463558,27702851,28
2142,17,27707501,27725649,4
2143,17,27758021,27820895,7
2144,17,27825845,28263118,50
2145,17,28278626,28550069,33
2146,17,28561477,28584812,3
2147,17,28592613,28797008,25
2148,17,28802490,28903337,12
2149,17,28911341,29088941,20
2150,17,29103472,29392501,30
2151,17,29404250,29421633,3
2152,17,29432404,29684217,28
2153,17,29697205,29855844,11
2154,17,29882787,30323137,31
2155,17,30330617,30480991,21
2156,17,30490486,30520567,5
2157,17,30532205,30922368,41
2158,17,30926421,30953397,6
2159,17,30969234,31172667,27
2160,17,31182810,31330891,23
2161,17,31334408,31456645,22
2162,17,31461588,31504564,5
2163,17,31889297,31959669,12
2164,17,31965989,32176678,17
2165,17,32221174,32383368,11
2166,17,32387558,32487357,12
2167,17,32493219,32550413,6
2168,17,32563736,32871918,34
2169,17,32878910,32954357,9
2170,17,32966528,33198713,28
2171,17,33210231,33283282,4
2172,17,33315580,33322972,2
2173,17,33708879,33836794,14
2174,17,33846724,33937937,8
2175,17,33949805,34125663,17
2176,17,34130896,34211434,16
2177,17,34217158,34260921,8
2178,17,34268102,34553000,30
2179,17,34563052,34654837,16
2180,17,34663603,34850363,21
2181,17,34863487,34894235,4
2182,17,34900309,34977994,7
2183,17,34989300,35067992,13
2184,17,35076296,35282086,29
2185,17,35286565,35336158,8
2186,17,35344057,35385941,9
2187,17,35391450,35427554,7
2188,17,35444422,35463146,4
2189,17,35468181,35478001,2
2190,17,35486136,35544912,10
2191,17,35559756,35641086,11
2192,17,35651425,35690636,6
2193,17,35696930,35849697,24
2194,17,35854781,35986154,20
2195,17,35991941,36074566,12
2196,17,36083031,36242899,27
2197,17,36250672,36351895,16
2198,17,36541969,36673853,21
2199,17,36686013,36857537,30
2200,17,36861607,37014754,31
2201,17,37019956,37046097,5
2202,17,37055494,37151062,16
2203,17,37158903,37306855,24
2204,17,37314955,37412772,14
2205,17,37416931,38029088,90
2206,17,38035466,38070950,5
2207,17,38077519,38710043,88
2208,17,38784700,39114890,35
2209,17,39139634,39275931,20
2210,17,39280577,40847517,203
2211,17,40859120,40926154,6
2212,17,41011530,41041674,3
2213,17,41062669,41447005,37
2214,17,41458670,41494331,6
2215,17,41527705,41566540,6
2216,17,41577520,41644979,7
2217,17,41700762,41706870,2
2218,17,41983407,42049540,2
2219,17,42161364,42296514,18
2220,17,42301553,42639030,37
2221,17,42648686,42873571,24
2222,17,42975134,43019545,4
2223,17,43036086,43085236,7
2224,17,43100477,43148025,7
2225,17,43153310,43384340,35
2226,17,43389085,43525899,25
2227,17,43530214,43567365,8
2228,17,43574909,43655795,9
2229,17,43675198,43786656,12
2230,17,43792395,43799543,2
2231,17,43810166,43930335,11
2232,17,43946120,44019176,16
2233,17,44023841,44158872,22
2234,17,44164275,44347462,23
2235,17,44353478,44399197,7
2236,17,44406671,44498210,11
2237,17,44518926,44626492,9
2238,17,44632651,44707913,15
2239,17,44721402,44847723,15
2240,17,44860354,45025420,16
2241,17,45031235,45116870,11
2242,17,45127114,45186170,7
2243,17,45197191,45278938,10
2244,17,45285715,45505568,23
2245,17,45521020,45876378,51
2246,17,45882425,45949667,13
2247,17,45954673,46028196,13
2248,17,46043118,46102034,9
2249,17,46112158,46260128,20
2250,17,46267891,46381045,11
2251,17,46391449,46592316,23
2252,17,46599943,46826921,24
2253,17,46858804,46875527,2
2254,17,46904212,47081558,9
2255,17,47090505,47257983,18
2256,17,47271445,47422818,17
2257,17,47429758,47630031,20
2258,17,47664175,47823393,5
2259,17,47869349,47911139,3
2260,17,47941897,47991776,2
2261,17,48032081,48363259,11
2262,17,48439335,48854538,16
2263,17,48882141,49169293,9
2264,17,49218134,49331755,10
2265,17,49373601,49962523,18
2266,17,50008493,50405861,22
2267,17,50417988,50580013,18
2268,17,50592113,50697800,7
2269,17,50706568,51021357,24
2270,17,51054617,51229462,15
2271,17,51336095,51733282,24
2272,17,51750412,51824981,9
2273,17,51840616,51979165,15
2274,17,52005812,52081036,7
2275,17,52115865,52175252,2
2276,17,52205885,52455229,26
2277,17,52471697,52537392,7
2278,17,52545850,52924636,32
2279,17,52934138,53132322,23
2280,17,53148437,53282106,13
2281,17,53289830,53419048,17
2282,17,53437573,53723036,39
2283,17,53728746,53804295,15
2284,17,53812877,53981104,22
2285,17,53989121,54014009,3
2286,17,54031482,54101339,10
2287,17,54113155,54166481,7
2288,17,54176166,54290030,12
2289,17,54300821,54309513,2
2290,17,54320878,54565448,28
2291,17,54572159,54705018,19
2292,17,54717870,54913363,14
2293,17,54933369,55106815,15
2294,17,55117688,55179325,9
2295,17,55188840,55219333,5
2296,17,55230326,55273077,9
2297,17,55278433,55306486,8
2298,17,55313150,55388307,8
2299,17,55395410,55399123,2
2300,17,55470922,55677345,23
2301,17,55687335,55943778,28
2302,17,55956152,56004159,4
2303,17,56015609,56174508,16
2304,17,56184200,56439989,25
2305,17,56447865,57110595,66
2306,17,57117999,57372913,30
2307,17,57378523,57606291,19
2308,17,57670026,57838106,12
2309,17,57851812,57992993,12
2310,17,57999619,58011252,2
2311,17,58020021,58237789,26
2312,17,58286355,58534378,17
2313,17,58552791,58682708,11
2314,17,58697752,58747935,5
2315,17,58754373,58810867,7
2316,17,58829892,59043189,32
2317,17,59047641,59414919,54
2318,17,59423034,59692269,33
2319,17,59697825,59821791,12
2320,17,59835362,60196060,36
2321,17,60204302,60347930,7
2322,17,60360566,60434075,10
2323,17,60444825,60454139,2
2324,17,60462254,60503653,5
2325,17,60524467,60622836,9
2326,17,60634938,61232593,39
2327,17,61247968,61578637,33
2328,17,61590200,61726416,13
2329,17,61733108,61833313,12
2330,17,61841153,62243790,40
2331,17,62251943,62478561,24
2332,17,62484955,62865744,41
2333,17,62876193,63085689,22
2334,17,63097392,63330475,24
2335,17,63339485,63357090,3
2336,17,63372480,63587647,10
2337,17,63656768,63774037,15
2338,17,63780439,63983965,21
2339,17,63992868,64014886,3
2340,17,64021465,64542802,42
2341,17,64552176,64671550,13
2342,17,64678301,65137679,44
2343,17,65159361,65368144,9
2344,17,65395757,65450238,3
2345,17,65470475,65619979,10
2346,17,65625225,65764729,15
2347,17,65775887,65840397,5
2348,17,65857197,66108544,12
2349,17,66151316,66477303,12
2350,17,66493468,66940678,15
2351,17,66970478,67825959,44
2352,17,67849232,68295347,38
2353,17,68304835,68391373,11
2354,17,68407092,69375386,82
2355,17,69416451,70413047,117
2356,17,70422533,70425975,2
2357,17,70429779,70934828,79
2358,17,70941257,71134968,22
2359,17,71144026,71210200,11
2360,17,71220943,71421156,35
2361,17,71426927,71818618,51
2362,17,71835912,72121536,43
2363,17,72125996,72506520,37
2364,17,72554830,73052895,43
2365,17,73072270,73113038,2
2366,17,73165986,73645820,34
2367,17,73649740,73971775,45
2368,17,73979103,74243371,25
2369,17,74252668,74967497,79
2370,17,74973934,75057499,4
2371,17,75246607,75415392,19
2372,17,75423238,76306293,102
2373,17,76317997,76634679,38
2374,17,76641413,76646445,2
2375,17,76653190,76693851,6
2376,17,76705088,77000835,40
2377,17,77012812,77405218,48
2378,17,77422698,77432294,2
2379,17,77442683,77478901,2
2380,17,77503378,77503685,3
2381,17,77535412,77646396,19
2382,17,77653668,77696106,6
2383,17,77704506,78562654,115
2384,17,78572201,78653545,8
2385,18,4316,75432,3
2386,18,121700,128568,2
2387,18,138963,467510,41
2388,18,475240,735100,35
2389,18,745179,1211608,38
2390,18,1232557,2415506,91
2391,18,2427324,2694258,28
2392,18,2708341,3545445,98
2393,18,3556635,4569844,85
2394,18,4579794,5169711,45
2395,18,5185011,5280748,10
2396,18,5284216,5637217,39
2397,18,5660598,6461189,67
2398,18,6471417,6499427,2
2399,18,6532535,6784144,10
2400,18,6803026,8360839,145
2401,18,8373762,10146194,162
2402,18,10186986,11241899,68
2403,18,11276577,14071828,274
2404,18,14079350,14091534,2
2405,18,14091869,14112462,4
2406,18,14120810,14602888,14
2407,18,14723811,14968075,16
2408,18,15079189,15370631,4
2409,18,16808486,16996321,20
2410,18,17030723,17267405,26
2411,18,17278237,18565403,101
2412,18,18594203,18968555,27
2413,18,18979399,19204173,29
2414,18,19215149,19728233,66
2415,18,19733211,22259536,212
2416,18,22269177,22793854,55
2417,18,22806771,23086108,30
2418,18,23137836,24624501,83
2419,18,24650677,28276824,219
2420,18,28288419,29558913,104
2421,18,29566278,30236176,55
2422,18,30256816,36963702,460
2423,18,36996895,42435594,413
2424,18,42452207,44456688,165
2425,18,44463005,46007592,158
2426,18,46023418,47316297,116
2427,18,47386120,48178655,27
2428,18,48187829,51613228,286
2429,18,51630663,51747511,7
2430,18,51767179,55758094,379
2431,18,55763385,57119698,81
2432,18,57167311,61400117,325
2433,18,61430694,62786765,69
2434,18,62820286,64788942,101
2435,18,64796820,66358047,132
2436,18,66394814,68375250,81
2437,18,68386012,71032530,200
2438,18,71041018,75196415,360
2439,18,75205199,75248694,5
2440,18,75254596,76110964,95
2441,19,8246,232080,7
2442,19,232836,236846,5
2443,19,239700,258717,3
2444,19,265457,668643,59
2445,19,677462,753834,11
2446,19,763067,2336468,217
2447,19,2345665,3342864,115
2448,19,3363749,3971503,77
2449,19,3983752,5360390,160
2450,19,5382083,5729696,35
2451,19,5735403,5783884,9
2452,19,5794077,6284798,55
2453,19,6294243,6829599,70
2454,19,6838563,8683350,203
2455,19,8691111,8964959,28
2456,19,8994090,9275927,31
2457,19,9283165,9745582,43
2458,19,9758535,10191584,55
2459,19,10213505,10628317,63
2460,19,10634018,10901457,37
2461,19,10908632,11033566,14
2462,19,11044905,12582305,187
2463,19,12595434,13178512,91
2464,19,13188639,14135749,100
2465,19,14154925,14202425,5
2466,19,14230586,14889916,71
2467,19,14895218,14903239,2
2468,19,14913949,15034235,17
2469,19,15039778,15382522,40
2470,19,15393335,15627509,25
2471,19,15632023,16680896,124
2472,19,16691307,16886064,22
2473,19,16897961,16929691,5
2474,19,16940004,17375791,55
2475,19,17377353,17885285,63
2476,19,17894043,18171634,35
2477,19,18176377,18335744,24
2478,19,18341711,19173645,105
2479,19,19178436,19709261,72
2480,19,19716524,20383210,51
2481,19,20422576,20493401,5
2482,19,20552279,20887746,25
2483,19,20894154,21360507,32
2484,19,21365318,21867600,44
2485,19,21880430,22117890,19
2486,19,22142943,23523832,107
2487,19,23542436,23555254,2
2488,19,23576365,23785986,20
2489,19,23792642,24112851,22
2490,19,24121458,24157855,3
2491,19,32545047,32939756,2
2492,19,32964337,33432675,19
2493,19,33479027,33771144,18
2494,19,33781013,34430432,30
2495,19,34467144,36255437,108
2496,19,36288875,36863686,25
2497,19,36912833,38215548,87
2498,19,38224496,39390987,95
2499,19,39397840,40350432,103
2500,19,40356341,40522716,24
2501,19,40530071,40556205,5
2502,19,40562762,41507544,131
2503,19,41514405,41790320,31
2504,19,41820589,42286136,41
2505,19,42305997,42921103,60
2506,19,42932192,43840067,98
2507,19,43851237,44061035,30
2508,19,44068824,44701223,86
2509,19,44705773,45465328,82
2510,19,45486119,45924425,57
2511,19,45934725,46027876,20
2512,19,46042726,46073325,5
2513,19,46078903,47472679,160
2514,19,47482537,47895271,44
2515,19,47934635,48237067,14
2516,19,48267018,48449548,10
2517,19,48500241,49947017,178
2518,19,49950095,52086307,265
2519,19,52096843,52535369,51
2520,19,52542167,53091152,68
2521,19,53097690,53924699,104
2522,19,53928532,55183435,184
2523,19,55204293,55567209,36
2524,19,55578027,55703886,18
2525,19,55717955,56192915,64
2526,19,56199876,56402133,33
2527,19,56410023,56795493,50
2528,19,56816785,56859204,5
2529,19,56864309,57628348,93
2530,19,57641139,57681491,4
2531,19,57694326,58009991,34
2532,19,58019853,58237461,27
2533,19,58249435,58747326,58
2534,19,58760325,59398679,102
2535,19,59406523,59440274,5
2536,19,59446274,59507350,11
2537,19,59512768,60355202,97
2538,19,60361993,60930583,88
2539,19,60941502,62596475,173
2540,19,62601750,63093126,71
2541,19,63109238,63155123,8
2542,19,63161590,63485310,38
2543,19,63492215,63575960,15
2544,19,63588319,63784327,38
2545,20,8747,57263,7
2546,20,69521,189250,24
2547,20,194755,763411,71
2548,20,771302,1487457,86
2549,20,1499034,1506379,2
2550,20,1516966,1539155,3
2551,20,1546858,1557784,2
2552,20,1578087,3037884,162
2553,20,3049358,5225253,249
2554,20,5229790,5512878,22
2555,20,5520697,6747437,89
2556,20,6777556,8801003,138
2557,20,8811572,9761862,108
2558,20,9785760,12243594,148
2559,20,12278907,12478772,12
2560,20,12495273,14729413,202
2561,20,14747098,14920195,19
2562,20,14939493,15029315,9
2563,20,15036230,15158545,14
2564,20,15174690,15904629,75
2565,20,15922383,16680587,61
2566,20,16687718,16786404,5
2567,20,16804987,17574374,57
2568,20,17587221,18440839,81
2569,20,18455112,20061778,151
2570,20,20075088,22015778,143
2571,20,22035853,22233149,7
2572,20,22275591,22680306,22
2573,20,22721013,23900883,107
2574,20,23907317,25032355,67
2575,20,25049716,25116611,5
2576,20,25127190,25551958,47
2577,20,25557493,25821065,12
2578,20,25839919,26156026,10
2579,20,28080970,28186969,3
2580,20,28197384,28266113,6
2581,20,29306447,29750304,64
2582,20,29761480,29773185,2
2583,20,29787671,30010322,35
2584,20,30017699,30739657,81
2585,20,30746598,31334385,72
2586,20,31339756,31560461,27
2587,20,31568653,31606234,6
2588,20,31617099,31739691,16
2589,20,31744580,31883257,18
2590,20,31894758,31945175,5
2591,20,31959170,32340304,33
2592,20,32347885,32368271,4
2593,20,32377973,32691183,35
2594,20,32696760,33365924,87
2595,20,33373252,33634683,32
2596,20,33643912,33862183,32
2597,20,33867591,34568394,74
2598,20,34577612,34873083,41
2599,20,34883639,35743960,83
2600,20,35750000,35791838,7
2601,20,35800429,36053431,27
2602,20,36066537,36768161,77
2603,20,36781014,37132625,39
2604,20,37153404,38764590,49
2605,20,38771196,39033123,10
2606,20,39049053,39344320,30
2607,20,39358207,39678657,39
2608,20,39688990,40052114,15
2609,20,40075620,41349749,131
2610,20,41394495,41514151,6
2611,20,41519165,41740494,29
2612,20,41750091,42020318,21
2613,20,42028367,43273364,148
2614,20,43283551,44919548,210
2615,20,44934914,45117296,21
2616,20,45124342,45222725,12
2617,20,45232779,46038929,64
2618,20,46074165,46770469,37
2619,20,46777921,47657956,88
2620,20,47670139,47720625,7
2621,20,47728486,47873006,12
2622,20,47889476,47900752,3
2623,20,47912984,48215177,37
2624,20,48228815,48242575,5
2625,20,48249501,48416335,16
2626,20,48496717,48586022,7
2627,20,48593705,48841772,24
2628,20,48849156,48891203,5
2629,20,48906328,50098541,93
2630,20,50108575,51268051,74
2631,20,51282489,52306283,89
2632,20,52339941,52938123,36
2633,20,52993159,53135675,5
2634,20,53167045,53924842,29
2635,20,53960052,54427320,34
2636,20,54435895,55268661,58
2637,20,55279536,55296265,2
2638,20,55315764,55877718,53
2639,20,55905016,56005175,3
2640,20,56042125,56293392,21
2641,20,56302917,57359062,114
2642,20,57414372,57840795,42
2643,20,57856200,57882465,4
2644,20,57890534,58492654,60
2645,20,58516115,59189405,44
2646,20,59216890,59833452,68
2647,20,59844907,60188644,38
2648,20,60193218,60328797,26
2649,20,60333345,60363009,5
2650,20,60378053,61007178,74
2651,20,61011797,61070311,12
2652,20,61079521,61147644,14
2653,20,61157226,61433460,38
2654,20,61439887,61785766,52
2655,20,61795796,62379059,87
2656,21,9896630,10198129,22
2657,21,13334960,13435755,4
2658,21,13461550,13635227,5
2659,21,13660680,14258259,14
2660,21,14294323,14314039,3
2661,21,14334542,14480152,15
2662,21,14489502,15461383,99
2663,21,15481499,16229048,46
2664,21,16236146,17380803,116
2665,21,17408551,18006620,52
2666,21,18028582,18047411,2
2667,21,18057851,19285213,104
2668,21,19337973,21082335,69
2669,21,21092399,22121618,121
2670,21,22152399,22985208,45
2671,21,23023415,23393527,14
2672,21,23415490,24730986,53
2673,21,24749516,25496273,44
2674,21,25518034,28108310,213
2675,21,28160073,28775542,38
2676,21,28788834,30265339,162
2677,21,30286344,31727064,210
2678,21,31734621,32578981,79
2679,21,32584770,34121981,202
2680,21,34132594,34805333,77
2681,21,34810804,35118077,40
2682,21,35123433,35138169,3
2683,21,35143936,35153895,2
2684,21,35162506,35255874,14
2685,21,35266227,36466945,115
2686,21,36471530,36734826,33
2687,21,36740050,37166616,50
2688,21,37173358,38202663,126
2689,21,38210461,39024476,97
2690,21,39030818,39918819,113
2691,21,39927348,41144015,161
2692,21,41150806,42748610,190
2693,21,42756544,43058520,44
2694,21,43065018,43478129,58
2695,21,43484649,43944137,67
2696,21,43951640,44063684,26
2697,21,44069095,44225285,18
2698,21,44231716,46914686,398
2699,22,134662,241255,13
2700,22,246150,14513494,3
2701,22,14791562,15013982,3
2702,22,15270151,15403609,2
2703,22,15433500,15471409,6
2704,22,15523118,15563672,5
2705,22,15579496,15599936,2
2706,22,15630903,16476727,83
2707,22,16482888,16702519,32
2708,22,16710421,17036278,42
2709,22,17080555,17294496,8
2710,22,17298569,17337860,7
2711,22,17343445,17385003,6
2712,22,17398378,19199401,215
2713,22,19209122,19829912,86
2714,22,19886024,20632137,62
2715,22,20637682,20899315,35
2716,22,20906896,21844483,105
2717,22,21858001,22597688,108
2718,22,22606654,22638797,6
2719,22,22651385,22665928,3
2720,22,22672513,22676549,2
2721,22,22681244,22690716,2
2722,22,22695759,22714749,5
2723,22,22725750,22731544,2
2724,22,22742616,23009582,35
2725,22,23022675,23926329,114
2726,22,23930054,23946476,5
2727,22,23952881,23967594,3
2728,22,23978623,24228038,27
2729,22,24263116,24866694,72
2730,22,24876788,26191987,111
2731,22,26228884,26956916,63
2732,22,26999547,27819338,82
2733,22,27829159,28903600,152
2734,22,28922568,30224848,202
2735,22,30243922,31511793,163
2736,22,31521603,32950474,143
2737,22,32984614,33685030,27
2738,22,33700502,34814916,135
2739,22,34837434,35584245,112
2740,22,35590804,36652726,176
2741,22,36658231,37678070,159
2742,22,37683612,37705310,5
2743,22,37717564,37801946,14
2744,22,37803663,38961219,155
2745,22,38968144,39093020,20
2746,22,39107247,39317843,27
2747,22,39323749,40065743,89
2748,22,40072147,41213949,162
2749,22,41221190,41290227,11
2750,22,41293579,41298170,2
2751,22,41307174,41912419,90
2752,22,41917843,42643973,95
2753,22,42652021,43322780,68
2754,22,43357607,45400818,264
2755,22,45406576,47045591,165
2756,22,47066760,47270867,21
2757,22,47281897,48910239,170
2758,22,48916337,49447518,99
2759,22,49451602,49509094,6
2760,23,3229,45135,5
2761,23,96116,214107,22
2762,23,268930,281246,3
2763,23,282116,343473,5
2764,23,354639,380891,5
2765,23,384298,385792,2
2766,23,422315,462468,4
2767,23,491711,524509,7
2768,23,959048,1235529,4
2769,23,1317216,1398694,2
2770,23,1672003,1687507,10
2771,23,1702016,1706462,2
2772,23,2702388,2969155,37
2773,23,2979705,4333249,103
2774,23,4344718,6304998,135
2775,23,6313049,6317139,2
2776,23,6326742,7941487,99
2777,23,7953807,12926016,478
2778,23,12950493,19687954,613
2779,23,19694569,22693189,216
2780,23,22720401,26516197,277
2781,23,26537079,26627128,5
2782,23,26666781,27909205,79
2783,23,27937378,30994710,285
2784,23,31000771,34241405,299
2785,23,34269895,38074080,265
2786,23,38108238,45914699,510
2787,23,45936939,47692775,200
2788,23,47698162,47839839,16
2789,23,47850712,52769796,409
2790,23,52775986,52832444,5
2791,23,52844235,58365352,405
2792,23,61714710,64403534,135
2793,23,64464973,66511655,139
2794,23,66527817,67559319,90
2795,23,67574650,71124218,338
2796,23,71130036,71990852,80
2797,23,72008396,76523923,264
2798,23,76605907,83305349,333
2799,23,83340047,88078465,295
2800,23,88111667,88259698,5
2801,23,88434081,88986061,8
2802,23,89001120,89245846,6
2803,23,89270826,89888169,9
2804,23,89922998,90087775,4
2805,23,90107813,90588017,22
2806,23,90626987,90763396,2
2807,23,90837054,90936838,7
2808,23,90947440,91203848,10
2809,23,91234699,91344716,11
2810,23,91365063,91372700,2
2811,23,91404795,91459679,4
2812,23,91489731,91607636,8
2813,23,91632143,92103804,10
2814,23,92209094,95651579,131
2815,23,95696214,108087627,1072
2816,23,108169857,122414714,1038
2817,23,122417938,131366673,616
2818,23,131385521,132949963,152
2819,23,132998038,140285388,591
2820,23,140416671,144045173,174
2821,23,144052935,145145074,54
2822,23,145164724,149589730,314
2823,23,149594807,151064869,164
2824,23,151067607,152416606,159
2825,23,152422390,152548587,20
2826,23,152552851,152570071,6
2827,23,152576854,152935130,64
2828,23,152994680,153054487,5
2829,23,153062077,153452633,57
2830,23,153466463,153491568,4
2831,23,153504394,153933426,55
2832,23,153938998,153989329,5
2833,23,153997146,154492924,43
